Token,Item Name,Customer-facing Name,Variation Name,SKU,Description,Categories,Reporting Category,SEO Title,SEO Description,Permalink,GTIN,Square Online Item Visibility,Item Type,Weight (lb),Social Media Link Title,Social Media Link Description,Shipping Enabled,Self-serve Ordering Enabled,Delivery Enabled,Pickup Enabled,Price,Online Sale Price,Archived,Sellable,Contains Alcohol,Stockable,Skip Detail Screen in POS,Option Name 1,Option Value 1,Current Quantity Premier Viality and Wellness,New Quantity Premier Viality and Wellness,Stock Alert Enabled Premier Viality and Wellness,Stock Alert Count Premier Viality and Wellness,Modifier Set - Injectable Supplies
OIG2YDGL6VZROFSAONNF6ALJ,ABP-7 3000 mcg/mL — SQ Injectable,,3000 mcg/mL · 3 mL,ABP7-3000-SQ-3ML,Sterile subcutaneous injectable. Concentration and vial size vary by selection.,Injectables,Injectables,,,abp7-sq,,hidden,Physical good,,,,Y,N,N,Y,236.25,,N,,N,,Y,Strength/Size,3000 mcg/mL · 3 mL,,,,,Y
YTVRKNMNCI4GXETGMFURJ76J,ABP-7 3000 mcg/mL — SQ Injectable,,3000 mcg/mL · 5 mL,ABP7-3000-SQ-5ML,,Injectables,Injectables,,,,,hidden,Physical good,,,,,,,,328.13,,N,,,,Y,Strength/Size,3000 mcg/mL · 5 mL,,,,,Y
6Q2OMXSN2IEMQ55VMGMCE3MB,ACE-031 — SQ Injectable,,10 mg/mL · 5 mL,ACE031-10000-SQ-5ML,Sterile subcutaneous injectable compounded by a licensed pharmacy. Prescription required.,Injectables,Injectables,,,ace-031-sq-injectable,,hidden,Physical good,,,,Y,N,N,Y,323.75,,N,,N,,Y,Strength/Size,10 mg/mL · 5 mL,,,N,0,Y
JOFZKIUJM2LRHZ5VMVTQHYYK,AOD-9604 — SQ Injectable,,600 µg/mL · 10 mL,AOD-600-SQ-10ML,Sterile subcutaneous injectable compounded by a licensed pharmacy. Prescription required.,Injectables,Injectables,,,aod-9604-sq-injectable,,hidden,Physical good,,,,Y,N,N,Y,218.75,,N,,N,,Y,Strength/Size,600 µg/mL · 10 mL,,,N,0,Y
OGE44AIBTW6VDIN4HJSKAMFM,Alpha-GPC 75 mg/mL — Nasal Spray,,75 mg/mL · 7.5 mL,AGPC-75-NS-75ML,Compounded nasal spray. Concentration and size vary by selection.,Nasal Sprays,Nasal Sprays,,,alpha-gpc-nasal,,hidden,Physical good,,,,Y,N,N,Y,105.00,,N,,N,,Y,Strength/Size,75 mg/mL · 7.5 mL,,,,,Y
75L34USNBKGJWVYINTDXFGKJ,Alpha-GPC 75 mg/mL — Nasal Spray,,75 mg/mL · 15 mL,AGPC-75-NS-15ML,,Nasal Sprays,Nasal Sprays,,,,,hidden,Physical good,,,,,,,,131.25,,N,,,,Y,Strength/Size,75 mg/mL · 15 mL,,,,,Y
YWI74LDY6T3RYSGDC4MA6VQF,Amino AGZ — Capsule,,30 Count,AMINOAGZ-CAP-30,30-count capsule bottle. Prescription required.,Capsules,Capsules,,,amino-agz-capsule,,hidden,Physical good,,,,Y,N,N,Y,52.50,,N,,N,,Y,Strength/Size,30 Count,,,N,0,Y
N36KSYMVOOB7XEBIM3HBZD7P,Amino AGZ — Injectable,,200 mg/mL · 10 mL,AMINOAGZ-200-SQ-10ML,Sterile injectable compounded by a licensed pharmacy.,Injectables,Injectables,,,amino-agz,,hidden,Physical good,,,,Y,N,N,Y,61.25,,N,,N,,Y,Strength/Size,200 mg/mL · 10 mL,,,N,0,Y
Z6V7BUBOJ5LIZT2JCUD26NQP,Amino AGZ — Injectable,,200 mg/mL · 30 mL,AMINOAGZ-200-SQ-30ML,,Injectables,Injectables,,,,,hidden,Physical good,,,,,,,,87.50,,N,,,,Y,Strength/Size,200 mg/mL · 30 mL,,,N,0,Y
43C7GVPK5QTOMGW7SI2YKCUQ,Amino Complex I — Injectable,,Blend · 10 mL,AMINO1-SQ-10ML,Sterile injectable compounded by a licensed pharmacy.,Injectables,Injectables,,,amino-complex-1,,hidden,Physical good,,,,Y,N,N,Y,61.25,,N,,N,,Y,Strength/Size,Blend · 10 mL,,,N,0,Y
ABTHWC2V2TPNV6RJCATAHU3Y,Amino Complex II — Injectable,,Blend · 10 mL,AMINO2-SQ-10ML,Sterile injectable compounded by a licensed pharmacy.,Injectables,Injectables,,,amino-complex-2,,hidden,Physical good,,,,Y,N,N,Y,61.25,,N,,N,,Y,Strength/Size,Blend · 10 mL,,,N,0,Y
MYHZTYY3JL6SVV3RTKS3G5CG,Amino Complex II — Injectable,,Blend · 30 mL,AMINO2-SQ-30ML,,Injectables,Injectables,,,,,hidden,Physical good,,,,,,,,113.75,,N,,,,Y,Strength/Size,Blend · 30 mL,,,N,0,Y
VBL7EWGEHJJXOBI3GUPEZXIY,Amino Complex III — Injectable,,Blend · 10 mL,AMINO3-SQ-10ML,Sterile injectable compounded by a licensed pharmacy.,Injectables,Injectables,,,amino-complex-3,,hidden,Physical good,,,,Y,N,N,Y,61.25,,N,,N,,Y,Strength/Size,Blend · 10 mL,,,N,0,Y
SHTRNORZNX2LF2N7ESUPXLT5,Amino Complex III — Injectable,,Blend · 30 mL,AMINO3-SQ-30ML,,Injectables,Injectables,,,,,hidden,Physical good,,,,,,,,113.75,,N,,,,Y,Strength/Size,Blend · 30 mL,,,N,0,Y
24VLI74YMKBBD4UIIVYWXXMZ,Amino-B — Injectable,,Blend · 30 mL,AMINOB-SQ-30ML,Sterile injectable compounded by a licensed pharmacy.,Injectables,Injectables,,,amino-b,,hidden,Physical good,,,,Y,N,N,Y,87.50,,N,,N,,Y,Strength/Size,Blend · 30 mL,,,N,0,Y
M4LXP6SI7ZZD7IV2INQFRZHT,Arginine (L) 200 mg/mL — Injectable,,200 mg/mL · 10 mL,ARGININE-200-SQ-10ML,Sterile injectable compounded by a licensed pharmacy.,Injectables,Injectables,,,arginine-200,,hidden,Physical good,,,,Y,N,N,Y,52.50,,N,,N,,Y,Strength/Size,200 mg/mL · 10 mL,,,N,0,Y
MN4TZPOTBMG4X2XCEPWGDHJU,Arginine (L) 200 mg/mL — Injectable,,200 mg/mL · 30 mL,ARGININE-200-SQ-30ML,,Injectables,Injectables,,,,,hidden,Physical good,,,,,,,,61.25,,N,,,,Y,Strength/Size,200 mg/mL · 30 mL,,,N,0,Y
4ITUQZ3OGB5NJ57CYCZXPR4T,Ascorbic Acid (Vitamin C) 500 mg/mL — Injectable,,500 mg/mL · 30 mL,ASCORBIC-500-SQ-30ML,Sterile injectable Vitamin C compounded by a licensed pharmacy.,Injectables,Injectables,,,ascorbic-acid-500,,hidden,Physical good,,,,Y,N,N,Y,61.25,,N,,N,,Y,Strength/Size,500 mg/mL · 30 mL,,,N,0,Y
7ZXE5TDGXZOAIU3UDHZBFLAN,Ascorbic Acid (Vitamin C) 500 mg/mL — Injectable,,500 mg/mL · 10 mL,ASCORBIC-500-SQ-10ML,,Injectables,Injectables,,,,,hidden,Physical good,,,,,,,,43.75,,N,,,,Y,Strength/Size,500 mg/mL · 10 mL,,,N,0,Y
JAHLNE6625MPJNO2R5CMK7OP,B-Amino + Taurine — Injectable,,Blend · 10 mL,BAMINO-TAURINE-SQ-10ML,Sterile injectable compounded by a licensed pharmacy.,Injectables,Injectables,,,b-amino-taurine,,hidden,Physical good,,,,Y,N,N,Y,52.50,,N,,N,,Y,Strength/Size,Blend · 10 mL,,,N,0,Y
VD5263RF6CTTLWJQR4UPLIPB,B-Amino + Taurine — Injectable,,Blend · 30 mL,BAMINO-TAURINE-SQ-30ML,,Injectables,Injectables,,,,,hidden,Physical good,,,,,,,,175.00,,N,,,,Y,Strength/Size,Blend · 30 mL,,,N,0,Y
OSQTSUHH33VYO7PFH2LGZZ6U,B-Complex — Injectable,,Blend · 10 mL,BCOMPLEX-SQ-10ML,Sterile injectable B-vitamin blend compounded by a licensed pharmacy.,Injectables,Injectables,,,b-complex,,hidden,Physical good,,,,Y,N,N,Y,43.75,,N,,N,,Y,Strength/Size,Blend · 10 mL,,,N,0,Y
Y5IDM6UYVCTJFMF6RLP5OQVL,B-Complex — Injectable,,Blend · 30 mL,BCOMPLEX-SQ-30ML,,Injectables,Injectables,,,,,hidden,Physical good,,,,,,,,131.25,,N,,,,Y,Strength/Size,Blend · 30 mL,,,N,0,Y
ZAW3V77O2MSZ5TUA6YS2IKZZ,BCAA — Injectable,,Blend · 10 mL,BCAA-SQ-10ML,Sterile injectable amino blend compounded by a licensed pharmacy.,Injectables,Injectables,,,bcaa,,hidden,Physical good,,,,Y,N,N,Y,70.00,,N,,N,,Y,Strength/Size,Blend · 10 mL,,,N,0,Y
QFCU6MLNX73RCZTPG26OGOGA,BCAA — Injectable,,Blend · 30 mL,BCAA-SQ-30ML,,Injectables,Injectables,,,,,hidden,Physical good,,,,,,,,78.75,,N,,,,Y,Strength/Size,Blend · 30 mL,,,N,0,Y
KAICE66SCR4UY572DFGHXLNI,Biotin (Vitamin B7) 1 mg — Capsule,,30 Count,BIOTIN-1MG-CAP-30,30-count capsule bottle. Compounded by a licensed pharmacy. Prescription required.,Capsules,Capsules,,,biotin-1mg,,hidden,Physical good,,,,Y,N,N,Y,28.88,,N,,N,,Y,Strength/Size,30 Count,,,N,0,Y
F6J6MRCFMZX6PQP35JWXG2SU,Biotin (Vitamin B7) 5 mg — Capsule,,30 Count,BIOTIN-5MG-CAP-30,30-count capsule bottle. Compounded by a licensed pharmacy. Prescription required.,Capsules,Capsules,,,biotin-5mg,,hidden,Physical good,,,,Y,N,N,Y,34.13,,N,,N,,Y,Strength/Size,30 Count,,,N,0,Y
G4EJBG5ICQ65VBH76DYQPUB4,Biotin 10 mg/mL — Injectable,,10 mg/mL · 30 mL,BIOTIN-10-SQ-30ML,Sterile injectable compounded by a licensed pharmacy.,Injectables,Injectables,,,biotin-10mg,,hidden,Physical good,,,,Y,N,N,Y,131.25,,N,,N,,Y,Strength/Size,10 mg/mL · 30 mL,,,N,0,Y
QAEWDKTA4S6R242N4PBFKRM2,Biotin 10 mg/mL — Injectable,,10 mg/mL · 10 mL,BIOTIN-10-SQ-10ML,,Injectables,Injectables,,,,,hidden,Physical good,,,,,,,,35.00,,N,,,,Y,Strength/Size,10 mg/mL · 10 mL,,,N,0,Y
PL2DZRIIAGX64HNXGIIN7BRI,Biotin 200 mcg + Finasteride 1.25 mg — Capsule,,30 Count,BIOTIN-200-FIN-1250-CAP-30,30-count capsule bottle. Compounded by a licensed pharmacy. Prescription required.,Capsules,Capsules,,,biotin-fin-200-1250,,hidden,Physical good,,,,Y,N,N,Y,78.75,,N,,N,,Y,Strength/Size,30 Count,,,N,0,Y
QYZET7W3YXSEKGTTJO5BZ33F,Biotin 3 mg + Dutasteride 0.5 mg + Minoxidil 2.5 mg — Capsule,,30 Count,BIOTIN-3-DUT-05-MIN-25-CAP-30,30-count capsule bottle. Compounded by a licensed pharmacy. Prescription required.,Capsules,Capsules,,,biotin-dut-min,,hidden,Physical good,,,,Y,N,N,Y,65.63,,N,,N,,Y,Strength/Size,30 Count,,,N,0,Y
HUBUZRESUVYXCQQEEPSU3IDR,Biotin 5 mg + Minoxidil 1.5 mg — Capsule,,30 Count,BIOTIN-5-MIN-15-CAP-30,30-count capsule bottle. Compounded by a licensed pharmacy. Prescription required.,Capsules,Capsules,,,biotin-min-5-15,,hidden,Physical good,,,,Y,N,N,Y,39.38,,N,,N,,Y,Strength/Size,30 Count,,,N,0,Y
C3URVP33CT22L26LF6J2O2CW,Biotin 5 mg/mL — Injectable,,5 mg/mL · 30 mL,BIOTIN-5-SQ-30ML,Sterile injectable compounded by a licensed pharmacy.,Injectables,Injectables,,,biotin-5mg,,hidden,Physical good,,,,Y,N,N,Y,70.00,,N,,N,,Y,Strength/Size,5 mg/mL · 30 mL,,,N,0,Y
HQBCJIAHYT2QATGFIN2RF5AL,Biotin 5 mg/mL — Injectable,,5 mg/mL · 10 mL,BIOTIN-5-SQ-10ML,,Injectables,Injectables,,,,,hidden,Physical good,,,,,,,,87.50,,N,,,,Y,Strength/Size,5 mg/mL · 10 mL,,,N,0,Y
K47KFHWLBRQLIJOM3A5HFEC4,Biotin 500 mcg + Finasteride 1 mg — Capsule,,30 Count,BIOTIN-500-FIN-1000-CAP-30,30-count capsule bottle. Compounded by a licensed pharmacy. Prescription required.,Capsules,Capsules,,,biotin-fin-500-1000,,hidden,Physical good,,,,Y,N,N,Y,105.00,,N,,N,,Y,Strength/Size,30 Count,,,N,0,Y
HKN3XLESCKOQRSFEHUB5W2LZ,CJC-1295 + N-Acetyl Ipamorelin + Sermorelin — SQ Injectable,,500/2000/2000 µg/mL · 5 mL,CJCIPA-SERM-500-2000-2000-SQ-5ML,Sterile subcutaneous injectable compounded by a licensed pharmacy. Prescription required.,Injectables,Injectables,,,cjc-ipa-serm-sq-injectable,,hidden,Physical good,,,,Y,N,N,Y,227.50,,N,,N,,Y,Strength/Size,500/2000/2000 µg/mL · 5 mL,,,N,0,Y
Y2U4HSIKQYSHANLT6RQH6JWL,Carnitine (L) 100 mg/mL — Injectable,,100 mg/mL · 30 mL,CARNITINE-100-SQ-30ML,Sterile injectable compounded by a licensed pharmacy.,Injectables,Injectables,,,carnitine-100,,hidden,Physical good,,,,Y,N,N,Y,52.50,,N,,N,,Y,Strength/Size,100 mg/mL · 30 mL,,,N,0,Y
I25XYNEB3DS3JD2QFO3UE62W,Carnitine (L) 100 mg/mL — Injectable,,100 mg/mL · 10 mL,CARNITINE-100-SQ-10ML,,Injectables,Injectables,,,,,hidden,Physical good,,,,,,,,52.50,,N,,,,Y,Strength/Size,100 mg/mL · 10 mL,,,N,0,Y
OSQZWF26AYDR4O6N4KVJRT3Q,Carnitine (L) 500 mg/mL — Injectable,,500 mg/mL · 30 mL,CARNITINE-500-SQ-30ML,Sterile injectable compounded by a licensed pharmacy.,Injectables,Injectables,,,carnitine-500,,hidden,Physical good,,,,Y,N,N,Y,64.75,,N,,N,,Y,Strength/Size,500 mg/mL · 30 mL,,,N,0,Y
3LSU7ZLHG6NZ2IONNNJWE7V5,Carnitine (L) 500 mg/mL — Injectable,,500 mg/mL · 10 mL,CARNITINE-500-SQ-10ML,,Injectables,Injectables,,,,,hidden,Physical good,,,,,,,,61.25,,N,,,,Y,Strength/Size,500 mg/mL · 10 mL,,,N,0,Y
Z2NJFSVJ7GBAPD2LQECCUMLC,Cyanocobalamin (Vit B12) (1000mcg) + Semaglutide (1000mcg) per mL -- SQ Injectable [5mL],,Regular,,,,,,,,,visible,Physical good,,,,Y,N,N,Y,225.00,,N,,N,,N,,,,,,,Y
7UVTRT2A2YV3PUS5MBKC2LCQ,Dihexa 5 mg/mL — Nasal Spray,,5 mg/mL · 7.5 mL,DIHEXA-5-NS-75ML,Compounded nasal spray suspension. Concentration and size vary by selection.,Nasal Sprays,Nasal Sprays,,,dihexa-nasal,,hidden,Physical good,,,,Y,N,N,Y,96.25,,N,,N,,Y,Strength/Size,5 mg/mL · 7.5 mL,,,,,Y
JCGYGKWAECV6EWWQ4ZSHV5M3,Dihexa 5 mg/mL — Nasal Spray,,5 mg/mL · 15 mL,DIHEXA-5-NS-15ML,,Nasal Sprays,Nasal Sprays,,,,,hidden,Physical good,,,,,,,,131.25,,N,,,,Y,Strength/Size,5 mg/mL · 15 mL,,,,,Y
TKT5RBNAYE4BQ2VANR4WPZJI,Dutasteride 1.25 mg — Capsule,,30 Count,DUTASTERIDE-1250-CAP-30,30-count capsule bottle. Compounded by a licensed pharmacy. Prescription required.,Capsules,Capsules,,,dutasteride-1250,,hidden,Physical good,,,,Y,N,N,Y,60.38,,N,,N,,Y,Strength/Size,30 Count,,,N,0,Y
XXC4RDCPX6EEVEDTT2I4AJWR,Finasteride 0.5 mg — Capsule,,30 Count,FINASTERIDE-05-CAP-30,30-count capsule bottle. Compounded by a licensed pharmacy. Prescription required.,Capsules,Capsules,,,finasteride-05,,hidden,Physical good,,,,Y,N,N,Y,47.25,,N,,N,,Y,Strength/Size,30 Count,,,N,0,Y
4LYFSNL2ZU5PICNWWWD6XEPX,Finasteride 1 mg — Tablet,,30 Count,FINASTERIDE-1MG-TAB-30,30-count tablet bottle. Compounded by a licensed pharmacy. Prescription required.,Capsules,Capsules,,,finasteride-1mg-tab,,hidden,Physical good,,,,Y,N,N,Y,23.63,,N,,N,,Y,Strength/Size,30 Count,,,N,0,Y
L4WXDBJAKCDFTGEVOS25FEYC,Finasteride 2.5 mg — Capsule,,30 Count,FINASTERIDE-25-CAP-30,30-count capsule bottle. Compounded by a licensed pharmacy. Prescription required.,Capsules,Capsules,,,finasteride-25,,hidden,Physical good,,,,Y,N,N,Y,105.00,,N,,N,,Y,Strength/Size,30 Count,,,N,0,Y
CONTMHFNL7SLVYIB77LPW3X7,GHK-Cu 5 mg — Capsule,,30 Count,GHKCU-5MG-CAP-30,30-count capsule bottle. Compounded by a licensed pharmacy. Prescription required.,Capsules,Capsules,,,ghk-cu-5mg,,hidden,Physical good,,,,Y,N,N,Y,47.25,,N,,N,,Y,Strength/Size,30 Count,,,N,0,Y
CLS67UACLHRNHHVH4SOPPXP4,GHK-Cu 5 mg/mL — Nasal Spray,,5 mg/mL · 7.5 mL,GHKCU-5-NS-75ML,Compounded nasal spray. Concentration and size vary by selection.,Nasal Sprays,Nasal Sprays,,,ghkcu-nasal,,hidden,Physical good,,,,Y,N,N,Y,122.50,,N,,N,,Y,Strength/Size,5 mg/mL · 7.5 mL,,,,,Y
EWB6FJMDEGV3LU4N6H4G275M,GHK-Cu 5 mg/mL — Nasal Spray,,5 mg/mL · 15 mL,GHKCU-5-NS-15ML,,Nasal Sprays,Nasal Sprays,,,,,hidden,Physical good,,,,,,,,148.75,,N,,,,Y,Strength/Size,5 mg/mL · 15 mL,,,,,Y
JWUWXKAZAISG2Q3Z7BCWFJDM,Glutathione 60 mg/mL — Nasal Spray,,60 mg/mL · 7.5 mL,GLUTA-60-NS-75ML,Compounded nasal spray. Concentration and size vary by selection.,Nasal Sprays,Nasal Sprays,,,glutathione-nasal,,hidden,Physical good,,,,Y,N,N,Y,43.75,,N,,N,,Y,Strength/Size,60 mg/mL · 7.5 mL,,,,,Y
CJMRIZMPGOAOOBKOEWLSPQGN,Glutathione 60 mg/mL — Nasal Spray,,60 mg/mL · 15 mL,GLUTA-60-NS-15ML,,Nasal Sprays,Nasal Sprays,,,,,hidden,Physical good,,,,,,,,70.00,,N,,,,Y,Strength/Size,60 mg/mL · 15 mL,,,,,Y
5YCKOLJG5TB6JFMZTLW7IPQ5,Hexarelin 5 mg/mL — Nasal Spray,,5 mg/mL · 7.5 mL,HEXA-5-NS-75ML,Compounded nasal spray. Concentration and size vary by selection.,Nasal Sprays,Nasal Sprays,,,hexarelin-nasal,,hidden,Physical good,,,,Y,N,N,Y,52.50,,N,,N,,Y,Strength/Size,5 mg/mL · 7.5 mL,,,,,Y
4EPRSHK5Z2YYN54572UMCF3V,Hexarelin 5 mg/mL — Nasal Spray,,5 mg/mL · 15 mL,HEXA-5-NS-15ML,,Nasal Sprays,Nasal Sprays,,,,,hidden,Physical good,,,,,,,,140.00,,N,,,,Y,Strength/Size,5 mg/mL · 15 mL,,,,,Y
LNOTKXX54NHNAGXCKBOWGZV4,Hexarelin — Lyophilized Powder,,6000 µg · 10 mL Vial,HEXARELIN-6000-LYO-10ML,Lyophilized peptide powder in sterile vial. Prescription required.,Lyophilized,Lyophilized,,,hexarelin-lyo,,hidden,Physical good,,,,Y,N,N,Y,227.50,,N,,N,,Y,Strength/Size,6000 µg · 10 mL Vial,,,N,0,Y
D4U3HWCYKVSGMPIPE2SRZFQR,Hexarelin — Nasal Spray,,5000 µg/mL · 15 mL,HEXARELIN-5000-NS-15ML,Sterile nasal spray compounded by a licensed pharmacy. Prescription required.,Nasal Sprays,Nasal Sprays,,,hexarelin-nasal-spray,,hidden,Physical good,,,,Y,N,N,Y,140.00,,N,,N,,Y,Strength/Size,5000 µg/mL · 15 mL,,,N,0,Y
NLRMMEZCNMU33KMWFKG2GEYY,Hexarelin — Nasal Spray,,5000 µg/mL · 7.5 mL,HEXARELIN-5000-NS-7ML,,Nasal Sprays,Nasal Sprays,,,,,hidden,Physical good,,,,,,,,78.75,,N,,,,Y,Strength/Size,5000 µg/mL · 7.5 mL,,,N,0,Y
CABL4UFGKIN5BDLFEIP4GFQY,Hexarelin — SQ Injectable,,1200 µg/mL · 5 mL,HEXARELIN-1200-SQ-5ML,Sterile subcutaneous injectable compounded by a licensed pharmacy. Prescription required.,Injectables,Injectables,,,hexarelin-sq-injectable,,hidden,Physical good,,,,Y,N,N,Y,227.50,,N,,N,,Y,Strength/Size,1200 µg/mL · 5 mL,,,N,0,Y
E2HZX4KDHXJ5FEVMMRDULJ3T,Humanin — SQ Injectable,,3000 µg/mL · 5 mL,HUMANIN-3000-SQ-5ML,Sterile subcutaneous injectable compounded by a licensed pharmacy. Prescription required.,Injectables,Injectables,,,humanin-sq-injectable,,hidden,Physical good,,,,Y,N,N,Y,376.25,,N,,N,,Y,Strength/Size,3000 µg/mL · 5 mL,,,N,0,Y
EIUDADEPUVW6LGVKJP6LKCA6,Humanin — SQ Injectable,,3000 µg/mL · 3 mL,HUMANIN-3000-SQ-3ML,,Injectables,Injectables,,,,,hidden,Physical good,,,,,,,,245.00,,N,,,,Y,Strength/Size,3000 µg/mL · 3 mL,,,N,0,Y
HE2RXZYNHZSSOYXWBXXYXDZY,Hydroquinone 4% + Fluocinolone 0.01% + Tretinoin 0.05% — Topical Cream,,4%/0.01%/0.05% · 15 mL,HQ-FLUO-TRET-4-001-005-TOP-15ML,Topical compounded cream in serum pump. Concentration and size vary by selection.,Topicals,Topicals,,,hydroquinone-fluocinolone-tretinoin-topical,,hidden,Physical good,,,,Y,N,N,Y,52.50,,N,,N,,Y,Strength/Size,4%/0.01%/0.05% · 15 mL,,,,,Y
QUA5S3PJ2LBZXMM3U2BOWFH5,Hydroquinone 4% + Fluocinolone 0.01% + Tretinoin 0.05% — Topical Cream,,4%/0.01%/0.05% · 30 mL,HQ-FLUO-TRET-4-001-005-TOP-30ML,,Topicals,Topicals,,,,,hidden,Physical good,,,,,,,,78.75,,N,,,,Y,Strength/Size,4%/0.01%/0.05% · 30 mL,,,,,Y
KGQ6PFK247LOOJB3KJBP7Z7Y,IGF-1 LR3 — Nasal Spray,,100 µg/mL · 15 mL,IGF1LR3-100-NS-15ML,Sterile nasal spray compounded by a licensed pharmacy.,Nasal Sprays,Nasal Sprays,,,igf1lr3-nasal,,hidden,Physical good,,,,Y,N,N,Y,131.25,,N,,N,,Y,Strength/Size,100 µg/mL · 15 mL,,,N,0,Y
7A3RJZ34NAY6IS7YPRRYH7SJ,IGF-1 LR3 — Nasal Spray,,100 µg/mL · 7.5 mL,IGF1LR3-100-NS-7ML,,Nasal Sprays,Nasal Sprays,,,,,hidden,Physical good,,,,,,,,87.50,,N,,,,Y,Strength/Size,100 µg/mL · 7.5 mL,,,N,0,Y
TN64ANRMROAT2LLMTMMHCUPU,IGF-1 LR3 — SQ Injectable,,120 µg/mL · 3 mL,IGF1LR3-120-SQ-3ML,Sterile subcutaneous injectable compounded by a licensed pharmacy. Prescription required. Concentration and vial size vary by selection.,Injectables,Injectables,,,,,visible,Physical good,,,,Y,N,N,Y,157.50,,N,,N,,N,,,,,,,Y
JVEONJ32LYR5QKNGIXXB5CEL,IGF-1 LR3 — SQ Injectable,,120 µg/mL · 4 mL,IGF1LR3-120-SQ-4ML,,Injectables,Injectables,,,,,visible,Physical good,,,,,,,,175.00,,N,,,,N,,,,,,,Y
NUFBVPKVZ7I6IFIRPVVH4WYG,IGF-1 LR3 — SQ Injectable,,120 µg/mL · 5 mL,IGF1LR3-120-SQ-5ML,,Injectables,Injectables,,,,,visible,Physical good,,,,,,,,192.50,,N,,,,N,,,,,,,Y
QMMTYIJLJBJVCHUKWJKYQ7SU,Ketamine 100 mg + Oxytocin 50 IU — Nasal Spray,,100 mg/50 IU · 7.5 mL,KET-OXY-100-50-NS-75ML,Compounded nasal spray blend. Concentration and size vary by selection.,Nasal Sprays,Nasal Sprays,,,ketamine-oxy-100-50-nasal,,hidden,Physical good,,,,Y,N,N,Y,113.75,,N,,N,,Y,Strength/Size,100 mg/50 IU · 7.5 mL,,,,,Y
XQIQYZMZEIMOQGHRURVJ5HXM,Ketamine 100 mg + Oxytocin 50 IU — Nasal Spray,,100 mg/50 IU · 15 mL,KET-OXY-100-50-NS-15ML,,Nasal Sprays,Nasal Sprays,,,,,hidden,Physical good,,,,,,,,236.25,,N,,,,Y,Strength/Size,100 mg/50 IU · 15 mL,,,,,Y
W56UODRMCXENTWDG5VFWFL77,Ketamine 100 mg/mL — Nasal Spray,,100 mg/mL · 7.5 mL,KET-100-NS-75ML,Compounded nasal spray. Concentration and size vary by selection.,Nasal Sprays,Nasal Sprays,,,ketamine100-nasal,,hidden,Physical good,,,,Y,N,N,Y,61.25,,N,,N,,Y,Strength/Size,100 mg/mL · 7.5 mL,,,,,Y
P2KUGNWUU3DDUTLD6YPLM4SD,Ketamine 100 mg/mL — Nasal Spray,,100 mg/mL · 15 mL,KET-100-NS-15ML,,Nasal Sprays,Nasal Sprays,,,,,hidden,Physical good,,,,,,,,113.75,,N,,,,Y,Strength/Size,100 mg/mL · 15 mL,,,,,Y
QSXU6Q4SU32YW2PZCJ2DMNZV,Ketamine 50 mg/mL — Nasal Spray,,50 mg/mL · 7.5 mL,KET-50-NS-75ML,Compounded nasal spray. Concentration and size vary by selection.,Nasal Sprays,Nasal Sprays,,,ketamine50-nasal,,hidden,Physical good,,,,Y,N,N,Y,61.25,,N,,N,,Y,Strength/Size,50 mg/mL · 7.5 mL,,,,,Y
2USQF54Y4CIJXJJDM66WV35D,Ketamine 50 mg/mL — Nasal Spray,,50 mg/mL · 15 mL,KET-50-NS-15ML,,Nasal Sprays,Nasal Sprays,,,,,hidden,Physical good,,,,,,,,113.75,,N,,,,Y,Strength/Size,50 mg/mL · 15 mL,,,,,Y
US3SFUMFPJZSCVGUMK3YDSI5,Ketoconazole 2% — Topical Cream,,2% · 15 mL,KETO-2-TOP-15ML,Topical compounded cream in serum pump. Concentration and size vary by selection.,Topicals,Topicals,,,ketoconazole-topical,,hidden,Physical good,,,,Y,N,N,Y,43.75,,N,,N,,Y,Strength/Size,2% · 15 mL,,,,,Y
QC44BXYGMF2QLCJOZDEEU2XB,Ketoconazole 2% — Topical Cream,,2% · 30 mL,KETO-2-TOP-30ML,,Topicals,Topicals,,,,,hidden,Physical good,,,,,,,,61.25,,N,,,,Y,Strength/Size,2% · 30 mL,,,,,Y
DGQ2N2LZJOX2ZGFOEACM3CYZ,Kojic Acid 4% + Niacinamide 4% + Sirolimus 0.001% — Topical Cream,,4%/4%/0.001% · 15 mL,KOJ-NIA-SIRO-4-4-0001-TOP-15ML,Topical compounded cream in serum pump. Concentration and size vary by selection.,Topicals,Topicals,,,kojic-niacinamide-sirolimus-topical,,hidden,Physical good,,,,Y,N,N,Y,78.75,,N,,N,,Y,Strength/Size,4%/4%/0.001% · 15 mL,,,,,Y
Z5YY4CLIWKNYQAHWWDWVOCM5,Kojic Acid 4% + Niacinamide 4% + Sirolimus 0.001% — Topical Cream,,4%/4%/0.001% · 30 mL,KOJ-NIA-SIRO-4-4-0001-TOP-30ML,,Topicals,Topicals,,,,,hidden,Physical good,,,,,,,,148.75,,N,,,,Y,Strength/Size,4%/4%/0.001% · 30 mL,,,,,Y
JQ5P6GNNXI3MRGNF2KH4XW23,Kojic Acid 4% + Niacinamide 4% + Tretinoin 0.03% — Topical Cream,,4%/4%/0.03% · 7.5 mL,KOJ-NIA-TRET-4-4-003-TOP-75ML,Topical compounded cream in serum pump. Concentration and size vary by selection.,Topicals,Topicals,,,kojic-niacinamide-tretinoin-topical,,hidden,Physical good,,,,Y,N,N,Y,42.00,,N,,N,,Y,Strength/Size,4%/4%/0.03% · 7.5 mL,,,,,Y
32MUEGGQH5HLXPXXT6NFP7TP,Kojic Acid 4% + Niacinamide 4% + Tretinoin 0.03% — Topical Cream,,4%/4%/0.03% · 15 mL,KOJ-NIA-TRET-4-4-003-TOP-15ML,,Topicals,Topicals,,,,,hidden,Physical good,,,,,,,,56.00,,N,,,,Y,Strength/Size,4%/4%/0.03% · 15 mL,,,,,Y
26QMOGWQGJ3IWP4K4RTJUMQM,Leuphasyl 0.5% — Topical Cream,,0.5% · 15 mL,LEUP-05-TOP-15ML,Topical compounded cream in serum pump. Concentration and size vary by selection.,Topicals,Topicals,,,leuphasyl-topical,,hidden,Physical good,,,,Y,N,N,Y,78.75,,N,,N,,Y,Strength/Size,0.5% · 15 mL,,,,,Y
2SNIRQ2PNE4Y6A7D6HUYZDYY,Leuphasyl 0.5% — Topical Cream,,0.5% · 30 mL,LEUP-05-TOP-30ML,,Topicals,Topicals,,,,,hidden,Physical good,,,,,,,,131.25,,N,,,,Y,Strength/Size,0.5% · 30 mL,,,,,Y
4XLOGADRLH2KMFHVQST6VOBK,Methylene Blue 100 mg — Capsule,,30 Count,MB-100-CAP-30,30-count liposomal capsule bottle.,Capsules,Capsules,,,methylene-blue-100,,hidden,Physical good,,,,Y,N,N,Y,157.50,,N,,N,,Y,Strength/Size,30 Count,,,N,0,Y
USDM7HXNUQKCLSK2IM4WVMGI,N-Acetyl BPC-157 + N-Acetyl KPV + Thymosin Beta-4 — SQ Injectable,,3000/3000/3000 µg/mL · 5 mL,BPC-KPV-TB4-3000-SQ-5ML,Sterile subcutaneous injectable compounded by a licensed pharmacy. Prescription required. Concentration and vial size vary by selection.,Injectables,Injectables,,,bpc-kpv-tb4-sq-injectable,,hidden,Physical good,,,,Y,N,N,Y,411.25,,N,,N,,Y,Strength/Size,3000/3000/3000 µg/mL · 5 mL,,,N,0,Y
QB5APJJ7FWSU36MLGQS5FVZQ,N-Acetyl BPC-157 + N-Acetyl KPV Amidate + Thymosin Beta-4 — SQ Injectable,,3000/3000/3000 µg/mL · 5 mL,BPC-KPV-TB4-3000-3000-3000-SQ-5ML,Sterile subcutaneous injectable compounded by a licensed pharmacy. Prescription required.,Injectables,Injectables,,,bpc-kpv-tb4-sq-injectable,,hidden,Physical good,,,,Y,N,N,Y,411.25,,N,,N,,Y,Strength/Size,3000/3000/3000 µg/mL · 5 mL,,,N,0,Y
YKPMG4LFOZNEXE54VMPZLVQA,N-Acetyl BPC-157 + Thymosin Beta-4 — SQ Injectable,,3000/300 µg/mL · 5 mL,BPC-TB4-3000-300-SQ-5ML,Sterile subcutaneous injectable compounded by a licensed pharmacy. Prescription required.,Injectables,Injectables,,,bpc-tb4-sq-injectable,,hidden,Physical good,,,,Y,N,N,Y,367.50,,N,,N,,Y,Strength/Size,3000/300 µg/mL · 5 mL,,,N,0,Y
I7PQC5ERKPR6FWIOYCBMDKKG,N-Acetyl BPC-157 0.1% — Topical Cream,,0.1% · 15 mL,BPC-01-TOP-15ML,Topical compounded cream in serum pump. Concentration and size vary by selection.,Topicals,Topicals,,,bpc157-topical,,hidden,Physical good,,,,Y,N,N,Y,105.00,,N,,N,,Y,Strength/Size,0.1% · 15 mL,,,,,Y
ID65LVSKJUHOSIQORSPOFQW2,N-Acetyl BPC-157 0.1% — Topical Cream,,0.1% · 30 mL,BPC-01-TOP-30ML,,Topicals,Topicals,,,,,hidden,Physical good,,,,,,,,175.00,,N,,,,Y,Strength/Size,0.1% · 30 mL,,,,,Y
AQR5PXJJTLWKES2AD3IFS564,N-Acetyl BPC-157 0.2% + GHK-Cu 0.2% — Topical Cream,,0.2%/0.2% · 15 mL,BPC-GHK-02-02-TOP-15ML,Topical compounded cream in serum pump. Concentration and size vary by selection.,Topicals,Topicals,,,bpc-ghk-topical,,hidden,Physical good,,,,Y,N,N,Y,148.75,,N,,N,,Y,Strength/Size,0.2%/0.2% · 15 mL,,,,,Y
JHZIS3JTAZGO4GZ2AA4QTR4B,N-Acetyl BPC-157 0.2% + GHK-Cu 0.2% — Topical Cream,,0.2%/0.2% · 30 mL,BPC-GHK-02-02-TOP-30ML,,Topicals,Topicals,,,,,hidden,Physical good,,,,,,,,280.00,,N,,,,Y,Strength/Size,0.2%/0.2% · 30 mL,,,,,Y
XBZWUJK5GIXZS7WDFESXGNXA,N-Acetyl BPC-157 500 mcg + Thymosin Beta-4 250 mcg — Nasal Spray,,500 mcg/250 mcg · 7.5 mL,BPC-TB4-500-250-NS-75ML,Compounded nasal spray blend. Concentration and size vary by selection.,Nasal Sprays,Nasal Sprays,,,bpc-tb4-nasal,,hidden,Physical good,,,,Y,N,N,Y,105.00,,N,,N,,Y,Strength/Size,500 mcg/250 mcg · 7.5 mL,,,,,Y
7Z2MBDXGRBGRAZ745CRAT65Z,N-Acetyl BPC-157 500 mcg + Thymosin Beta-4 250 mcg — Nasal Spray,,500 mcg/250 mcg · 15 mL,BPC-TB4-500-250-NS-15ML,,Nasal Sprays,Nasal Sprays,,,,,hidden,Physical good,,,,,,,,157.50,,N,,,,Y,Strength/Size,500 mcg/250 mcg · 15 mL,,,,,Y
2LIS6P73LYTQZHK6S5ITWSEZ,N-Acetyl BPC-157 — SQ Injectable,,3000 µg/mL · 5 mL,BPC157-3000-SQ-5ML,Sterile subcutaneous injectable compounded by a licensed pharmacy. Prescription required.,Injectables,Injectables,,,n-acetyl-bpc-157-sq-injectable,,hidden,Physical good,,,,Y,N,N,Y,227.50,,N,,N,,Y,Strength/Size,3000 µg/mL · 5 mL,,,N,0,Y
HRPOGS6JZOPHV4TFIPOBGOB2,N-Acetyl BPC-157 — SQ Injectable,,3000 µg/mL · 3 mL,BPC157-3000-SQ-3ML,,Injectables,Injectables,,,,,hidden,Physical good,,,,,,,,201.25,,N,,,,Y,Strength/Size,3000 µg/mL · 3 mL,,,N,0,Y
PPPG76TY4GZS6QTCXU44W4JK,N-Acetyl Epitalon — SQ Injectable,,2000 µg/mL · 3 mL,EPITALON-2000-SQ-3ML,Sterile subcutaneous injectable compounded by a licensed pharmacy. Prescription required.,Injectables,Injectables,,,n-acetyl-epitalon-2000-sq-injectable,,hidden,Physical good,,,,Y,N,N,Y,175.00,,N,,N,,Y,Strength/Size,2000 µg/mL · 3 mL,,,N,0,Y
WKFXUL7XDKS6RWXBRG4CFK2A,N-Acetyl Epitalon — SQ Injectable,,2000 µg/mL · 5 mL,EPITALON-2000-SQ-5ML,,Injectables,Injectables,,,,,hidden,Physical good,,,,,,,,210.00,,N,,,,Y,Strength/Size,2000 µg/mL · 5 mL,,,N,0,Y
V4W4K5XR4OF5FPV5QBZLSGNG,N-Acetyl Epitalon — SQ Injectable,,10000 µg/mL · 3 mL,EPITALON-10000-SQ-3ML,,Injectables,Injectables,,,,,hidden,Physical good,,,,,,,,315.00,,N,,,,Y,Strength/Size,10000 µg/mL · 3 mL,,,N,0,Y
FKMVIJSCGDPOGZO6WWR6MJFW,N-Acetyl Epitalon — SQ Injectable,,10000 µg/mL · 5 mL,EPITALON-10000-SQ-5ML,,Injectables,Injectables,,,,,hidden,Physical good,,,,,,,,420.00,,N,,,,Y,Strength/Size,10000 µg/mL · 5 mL,,,N,0,Y
VJPSX65MJXBSRBRZRD4AFMWE,N-Acetyl Ipamorelin + Sermorelin — SQ Injectable,,3000/3000 µg/mL · 3 mL,IPAM-SERM-3000-3000-SQ-3ML,Sterile subcutaneous injectable compounded by a licensed pharmacy. Prescription required.,Injectables,Injectables,,,ipamorelin-sermorelin-sq-injectable,,hidden,Physical good,,,,Y,N,N,Y,227.50,,N,,N,,Y,Strength/Size,3000/3000 µg/mL · 3 mL,,,N,0,Y
NH353B3XAL5TGHQYEGJ2KNE6,N-Acetyl Ipamorelin + Sermorelin — SQ Injectable,,3000/3000 µg/mL · 5 mL,IPAM-SERM-3000-3000-SQ-5ML,,Injectables,Injectables,,,,,hidden,Physical good,,,,,,,,315.00,,N,,,,Y,Strength/Size,3000/3000 µg/mL · 5 mL,,,N,0,Y
WEBSHCKKKG27RC5XPINR3L4N,N-Acetyl Ipamorelin + Tesamorelin — SQ Injectable,,500/1000 µg/mL · 3 mL,IPAM-TESA-500-1000-SQ-3ML,Sterile subcutaneous injectable compounded by a licensed pharmacy. Prescription required.,Injectables,Injectables,,,ipamorelin-tesamorelin-1000-sq-injectable,,hidden,Physical good,,,,Y,N,N,Y,87.50,,N,,N,,Y,Strength/Size,500/1000 µg/mL · 3 mL,,,N,0,Y
Y64HTQGHQ6FGR23LPQ22W7WG,N-Acetyl Ipamorelin + Tesamorelin — SQ Injectable,,500/1000 µg/mL · 5 mL,IPAM-TESA-500-1000-SQ-5ML,,Injectables,Injectables,,,,,hidden,Physical good,,,,,,,,175.00,,N,,,,Y,Strength/Size,500/1000 µg/mL · 5 mL,,,N,0,Y
PWHRP3YIV2SP76YMS6ZA3B4A,N-Acetyl Ipamorelin + Tesamorelin — SQ Injectable,,500/2500 µg/mL · 5 mL,IPAM-TESA-500-2500-SQ-5ML,,Injectables,Injectables,,,,,hidden,Physical good,,,,,,,,350.00,,N,,,,Y,Strength/Size,500/2500 µg/mL · 5 mL,,,N,0,Y
6URMY72FBEOW72UJ4JDD4DPS,N-Acetyl Ipamorelin + Tesamorelin — SQ Injectable,,500/2500 µg/mL · 10 mL,IPAM-TESA-500-2500-SQ-10ML,,Injectables,Injectables,,,,,hidden,Physical good,,,,,,,,700.00,,N,,,,Y,Strength/Size,500/2500 µg/mL · 10 mL,,,N,0,Y
4LO6557XQXVFDDQ7F7U6EDY5,N-Acetyl Ipamorelin — SQ Injectable,,3000 µg/mL · 5 mL,IPAM-3000-SQ-5ML,Sterile subcutaneous injectable compounded by a licensed pharmacy. Prescription required.,Injectables,Injectables,,,n-acetyl-ipamorelin-sq-injectable,,hidden,Physical good,,,,Y,N,N,Y,218.75,,N,,N,,Y,Strength/Size,3000 µg/mL · 5 mL,,,N,0,Y
JMVP7O2MNN6NLWPR4RXFXRGE,N-Acetyl Ipamorelin — SQ Injectable,,3000 µg/mL · 3 mL,IPAM-3000-SQ-3ML,,Injectables,Injectables,,,,,hidden,Physical good,,,,,,,,140.00,,N,,,,Y,Strength/Size,3000 µg/mL · 3 mL,,,N,0,Y
EL7D6RLE3UFR4HRXK7WY43NI,N-Acetyl KPV Amidate 0.1% — Topical Cream,,0.1% · 15 mL,KPV-01-TOP-15ML,Topical compounded cream in serum pump. Concentration and size vary by selection.,Topicals,Topicals,,,kpv-topical,,hidden,Physical good,,,,Y,N,N,Y,87.50,,N,,N,,Y,Strength/Size,0.1% · 15 mL,,,,,Y
MIP2B6HEJEBYH7YVMOIR3MDB,N-Acetyl KPV Amidate 0.1% — Topical Cream,,0.1% · 30 mL,KPV-01-TOP-30ML,,Topicals,Topicals,,,,,hidden,Physical good,,,,,,,,131.25,,N,,,,Y,Strength/Size,0.1% · 30 mL,,,,,Y
EP74J2IUSMCAUNP3GSEIEWZ6,N-Acetyl KPV Amidate — SQ Injectable,,2500 µg/mL · 5 mL,KPV-2500-SQ-5ML,Sterile subcutaneous injectable compounded by a licensed pharmacy. Prescription required.,Injectables,Injectables,,,n-acetyl-kpv-amidate-sq-injectable,,hidden,Physical good,,,,Y,N,N,Y,192.50,,N,,N,,Y,Strength/Size,2500 µg/mL · 5 mL,,,N,0,Y
5PBTUFLTIMZOQPY3KQA357IX,N-Acetyl KPV Amidate — SQ Injectable,,2500 µg/mL · 3 mL,KPV-2500-SQ-3ML,,Injectables,Injectables,,,,,hidden,Physical good,,,,,,,,140.00,,N,,,,Y,Strength/Size,2500 µg/mL · 3 mL,,,N,0,Y
AGROQFDJ5HR4MQIUECKIEV3T,N-Acetyl MOTs-C — SQ Injectable,,10 mg/mL · 5 mL,MOTSC-10000-SQ-5ML,Sterile subcutaneous injectable compounded by a licensed pharmacy. Prescription required.,Injectables,Injectables,,,n-acetyl-mots-c-sq-injectable,,hidden,Physical good,,,,Y,N,N,Y,525.00,,N,,N,,Y,Strength/Size,10 mg/mL · 5 mL,,,N,0,Y
7MAVWZPJE3YOKQ6SE3SAETUK,N-Acetyl MOTs-C — SQ Injectable,,10 mg/mL · 3 mL,MOTSC-10000-SQ-3ML,,Injectables,Injectables,,,,,hidden,Physical good,,,,,,,,341.25,,N,,,,Y,Strength/Size,10 mg/mL · 3 mL,,,N,0,Y
WQO2YX6K432LDYNZHG6R6W4E,NAD+ 10% — Topical Cream,,10% · 15 mL,NAD10-TOP-15ML,Topical compounded cream in serum pump. Concentration and size vary by selection.,Topicals,Topicals,,,nad10-topical,,hidden,Physical good,,,,Y,N,N,Y,65.63,,N,,N,,Y,Strength/Size,10% · 15 mL,,,,,Y
HURC4U34TJND3SJ3E64R2SLL,NAD+ 10% — Topical Cream,,10% · 30 mL,NAD10-TOP-30ML,,Topicals,Topicals,,,,,hidden,Physical good,,,,,,,,113.75,,N,,,,Y,Strength/Size,10% · 30 mL,,,,,Y
UL44P2G33QXJWMUW43QVJXV3,NAD+ 20% — Topical Cream,,20% · 15 mL,NAD20-TOP-15ML,Topical compounded cream in serum pump. Concentration and size vary by selection.,Topicals,Topicals,,,nad20-topical,,hidden,Physical good,,,,Y,N,N,Y,113.75,,N,,N,,Y,Strength/Size,20% · 15 mL,,,,,Y
PFFNWJ24E73DYP44D376IKGX,NAD+ 20% — Topical Cream,,20% · 30 mL,NAD20-TOP-30ML,,Topicals,Topicals,,,,,hidden,Physical good,,,,,,,,175.00,,N,,,,Y,Strength/Size,20% · 30 mL,,,,,Y
EHEQ6RORZYW65PV75EZ6NFLI,NAD+ 200 mg/mL — Nasal Spray,,200 mg/mL · 7.5 mL,NAD-200-NS-75ML,Compounded nasal spray. Concentration and size vary by selection.,Nasal Sprays,Nasal Sprays,,,nad200-nasal,,hidden,Physical good,,,,Y,N,N,Y,113.75,,N,,N,,Y,Strength/Size,200 mg/mL · 7.5 mL,,,,,Y
53F5EGJ23S6WH4VTINK4BPJ6,NAD+ 200 mg/mL — Nasal Spray,,200 mg/mL · 15 mL,NAD-200-NS-15ML,,Nasal Sprays,Nasal Sprays,,,,,hidden,Physical good,,,,,,,,148.75,,N,,,,Y,Strength/Size,200 mg/mL · 15 mL,,,,,Y
BGFIAV7G2OIEXJWYVBPHOCMS,Oxytocin 0.017% — Topical Cream,,0.017% · 15 mL,OXY-0017-TOP-15ML,Topical compounded cream in serum pump. Concentration and size vary by selection.,Topicals,Topicals,,,oxytocin-topical,,hidden,Physical good,,,,Y,N,N,Y,78.75,,N,,N,,Y,Strength/Size,0.017% · 15 mL,,,,,Y
GN3BSARXC6DXKVZHCFSCR74I,Oxytocin 0.017% — Topical Cream,,0.017% · 30 mL,OXY-0017-TOP-30ML,,Topicals,Topicals,,,,,hidden,Physical good,,,,,,,,131.25,,N,,,,Y,Strength/Size,0.017% · 30 mL,,,,,Y
VC42ZVHYSRF4GJOEZY64BWTW,Oxytocin — SQ Injectable,,100 IU/mL · 3 mL,OXY-100IU-SQ-3ML,Sterile subcutaneous injectable compounded by a licensed pharmacy. Prescription required.,Injectables,Injectables,,,oxytocin-sq-injectable,,hidden,Physical good,,,,Y,N,N,Y,70.00,,N,,N,,Y,Strength/Size,100 IU/mL · 3 mL,,,N,0,Y
OLGSQQ32XGBPUW3QTMYZ2RLW,Oxytocin — SQ Injectable,,100 IU/mL · 5 mL,OXY-100IU-SQ-5ML,,Injectables,Injectables,,,,,hidden,Physical good,,,,,,,,105.00,,N,,,,Y,Strength/Size,100 IU/mL · 5 mL,,,N,0,Y
4VO5Y5NCEKIM3UJHOZJJZ6HZ,PE 22-28 + Pinealon + Selank — SQ Injectable,,2000/2000/2000 µg/mL · 3 mL,PE-PIN-SEL-2000-SQ-3ML,Sterile subcutaneous injectable compounded by a licensed pharmacy. Prescription required. Concentration and vial size vary by selection.,Injectables,Injectables,,,pe-22-28-pinealon-selank-sq-injectable,,hidden,Physical good,,,,N,N,N,Y,140.00,,N,,N,,Y,Strength/Size,2000/2000/2000 µg/mL · 3 mL,,,N,0,Y
KNG4WTHVEEJA544U4FUTD77S,PE 22-28 + Pinealon + Selank — SQ Injectable,,2000/2000/2000 µg/mL · 5 mL,PE-PIN-SEL-2000-SQ-5ML,,Injectables,Injectables,,,,,hidden,Physical good,,,,,,,,245.00,,N,,,,Y,Strength/Size,2000/2000/2000 µg/mL · 5 mL,,,N,0,Y
UGBLSZBEPUD4CRBREOMZ7MZS,Pinealon — SQ Injectable,,4 mg/mL · 5 mL,PINEALON-4000-SQ-5ML,Sterile subcutaneous injectable compounded by a licensed pharmacy. Prescription required.,Injectables,Injectables,,,pinealon-sq-injectable,,hidden,Physical good,,,,Y,N,N,Y,201.25,,N,,N,,Y,Strength/Size,4 mg/mL · 5 mL,,,N,0,Y
36QFD4EHFXBPE3SMLV2IGE2F,Premier Vitality – Elite Membership,,Regular,PVW-ELITE-AN,Includes:• 25% peptide discount• Quarterly blood work• Monthly check-ins• Dedicated priority support• Early access to new peptides• Monthly physician check-ins,,,,,,,hidden,Other,,,,N,,,,3588.00,,N,,N,,N,,,,,,,N
NJ24D2REC3YOPEHTQ4IU6CXE,Premier Vitality – Elite Membership,,Regular,PVW-ELITE-MO,Includes:• 25% peptide discount• Quarterly blood work• Monthly check-ins• Dedicated priority support• Early access to new peptides• Monthly physician check-ins,,,,,,,hidden,Other,,,,Y,,,,349.00,,N,,N,,N,,,,,,,N
VBJVFWS3BOQTL4B7AVLTRZJP,Premier Vitality – Essential Membership,,Regular,PVW-ESS-AN,Includes:• 5% peptide discount• Annual blood work• Initial physician consultation• Access to peptide catalog• Annual blood work panel• Email support,,,,,,,hidden,Other,,,,N,,,,1068.00,,N,,N,,N,,,,,,,N
KQ2C3UXFHKO5772PE7HHFEBI,Premier Vitality – Essential Membership,,Regular,PVW-ESS-MO,Includes: • 5% peptide discount • Annual blood work • Initial physician consultation • Access to peptide catalog • Annual blood work panel • Email support,,,,,,,hidden,Other,,,,N,,,,99.00,,N,,N,,N,,,0,,,,N
NF5LZCKWKX3SYDCI2B2C33FN,Premier Vitality – Premium Membership,,Regular,PVW-PREM-AN,Includes:• 15% peptide discount• Semi-annual blood work• Quarterly check-ins• Priority support• Access to peptide catalog• Quarterly physician check-ins,,,,,,,hidden,Other,,,,N,,,,2148.00,,N,,N,,N,,,,,,,N
SZUS73AFIWE4DK7RQNPQEQKH,Premier Vitality – Premium Membership,,Regular,PVW-PREM-MO,Includes: • 15% peptide discount • Semi-annual blood work • Quarterly check-ins • Priority support • Access to peptide catalog • Quarterly physician check-ins,,,,,,,hidden,Other,,,,Y,,,,199.00,,N,,N,,N,,,,,,,N
6E2A5ICRPPC4AW23WPPJELR5,Prezatide — SQ Injectable,,10000 µg/mL · 5 mL,PREZATIDE-10000-SQ-5ML,Sterile subcutaneous injectable compounded by a licensed pharmacy.,Injectables,Injectables,,,,,visible,Physical good,,,,Y,N,N,Y,227.50,,N,,N,,N,,,,,,,Y
Q2HHIZTY3YGCVTYYEGHKC57A,SS-31 — SQ Injectable,,50 mg/mL · 5 mL,SS31-50000-SQ-5ML,Sterile subcutaneous injectable compounded by a licensed pharmacy. Prescription required.,Injectables,Injectables,,,ss-31-sq-injectable,,hidden,Physical good,,,,Y,N,N,Y,542.50,,N,,N,,Y,Strength/Size,50 mg/mL · 5 mL,,,N,0,Y
KZZG2SKBKQ4NMREC5G3SKV6H,Selank [N-Acetyl] 7500 mcg/mL — Nasal Spray,,7500 mcg/mL · 7.5 mL,SELANK-7500-NS-75ML,Compounded nasal spray. Concentration and size vary by selection.,Nasal Sprays,Nasal Sprays,,,selank-nasal,,hidden,Physical good,,,,Y,N,N,Y,175.00,,N,,N,,Y,Strength/Size,7500 mcg/mL · 7.5 mL,,,,,Y
ZJIUV3QBNYV4WDZ262Y2RMZO,Selank [N-Acetyl] 7500 mcg/mL — Nasal Spray,,7500 mcg/mL · 15 mL,SELANK-7500-NS-15ML,,Nasal Sprays,Nasal Sprays,,,,,hidden,Physical good,,,,,,,,297.50,,N,,,,Y,Strength/Size,7500 mcg/mL · 15 mL,,,,,Y
K6UOC2XKKBSILAMWLPZ4MQS2,Selank [N-Acetyl] — SQ Injectable,,1000 µg/mL · 5 mL,SELANK-1000-SQ-5ML,Sterile subcutaneous injectable compounded by a licensed pharmacy. Prescription required.,Injectables,Injectables,,,selank-sq-injectable,,hidden,Physical good,,,,Y,N,N,Y,87.50,,N,,N,,Y,Strength/Size,1000 µg/mL · 5 mL,,,N,0,Y
5R33LENYDVUQBMI7FNPJEWLJ,Semax [N-Acetyl] 7500 mcg/mL — Nasal Spray,,7500 mcg/mL · 7.5 mL,SEMAX-7500-NS-75ML,Compounded nasal spray. Concentration and size vary by selection.,Nasal Sprays,Nasal Sprays,,,semax-nasal,,hidden,Physical good,,,,Y,N,N,Y,175.00,,N,,N,,Y,Strength/Size,7500 mcg/mL · 7.5 mL,,,,,Y
UPXGXXSIYWY4LE6YPV63RD27,Semax [N-Acetyl] 7500 mcg/mL — Nasal Spray,,7500 mcg/mL · 15 mL,SEMAX-7500-NS-15ML,,Nasal Sprays,Nasal Sprays,,,,,hidden,Physical good,,,,,,,,297.50,,N,,,,Y,Strength/Size,7500 mcg/mL · 15 mL,,,,,Y
3RQ3ZUB7STXOQCOF42GWGKCO,Semax [N-Acetyl] — SQ Injectable,,1000 µg/mL · 5 mL,SEMAX-1000-SQ-5ML,Sterile subcutaneous injectable compounded by a licensed pharmacy. Prescription required.,Injectables,Injectables,,,semax-sq-injectable,,hidden,Physical good,,,,Y,N,N,Y,87.50,,N,,N,,Y,Strength/Size,1000 µg/mL · 5 mL,,,N,0,Y
7A66Q5CQQUZGM5BMCUMHG4OD,Semax [N-Acetyl] — SQ Injectable,,1000 µg/mL · 3 mL,SEMAX-1000-SQ-3ML,,Injectables,Injectables,,,,,hidden,Physical good,,,,,,,,113.75,,N,,,,Y,Strength/Size,1000 µg/mL · 3 mL,,,N,0,Y
4YBYHHSZJ65GC5M53I4QEX5G,Sermorelin — SQ Injectable,,2500 µg/mL · 5 mL,SERM-2500-SQ-5ML,Sterile subcutaneous injectable compounded by a licensed pharmacy. Prescription required.,Injectables,Injectables,,,sermorelin-sq-injectable,,hidden,Physical good,,,,Y,N,N,Y,166.25,,N,,N,,Y,Strength/Size,2500 µg/mL · 5 mL,,,N,0,Y
2V7SPPBGVHIIOFZ66LBEFTGD,Sermorelin — SQ Injectable,,2500 µg/mL · 3 mL,SERM-2500-SQ-3ML,,Injectables,Injectables,,,,,hidden,Physical good,,,,,,,,358.75,,N,,,,Y,Strength/Size,2500 µg/mL · 3 mL,,,N,0,Y
EVGJYO35GFNREH67JMIS3IXN,Sirolimus 2 mg — Tablet,,30 Count,SIRO-2MG-TAB-30,30-count tablet bottle.,Capsules,Capsules,,,sirolimus-2mg,,hidden,Physical good,,,,Y,N,N,Y,210.00,,N,,N,,Y,Strength/Size,30 Count,,,N,0,Y
K3FDWQWOGMYULRUD5UZC2QHH,Tesamorelin (2500mcg) + N-Acetyl Ipamorelin (500mcg) per mL -- SQ Injectable [10mL],,Regular,TES-IPA-3000-SQ-10ML,"<p>This advanced growth-hormone–releasing blend pairs <strong>Tesamorelin</strong> and <strong>N-Acetyl Ipamorelin</strong> to support fat reduction, improved recovery, deeper sleep, and increased lean muscle development.</p><p> Formulated at <strong>high clinical strength</strong>, this combination is designed for patients seeking enhanced performance, optimized body composition, and accelerated healing.</p><p><br></p><ul><li>Stimulates natural GH + IGF-1 release without overstimulation</li><li>Promotes fat oxidation, especially stubborn midsection fat</li><li>Supports lean muscle growth and recovery</li><li>Enhances sleep quality and cellular regeneration</li><li>Helps improve skin, joints, and connective tissue healing</li><li>Low-side-effect profile; does <em>not</em> cause hunger spikes</li></ul><p><br></p>",Injectables,Injectables,,,,,visible,Physical good,,,,Y,N,N,Y,700.00,,N,,N,,N,,,,,,,Y
N4EK3WIOARNEDFMBRYRMXOLF,Tesamorelin — SQ Injectable,,1000 µg/mL · 10 mL,TESA-1000-SQ-10ML,Sterile subcutaneous injectable compounded by a licensed pharmacy. Prescription required.,Injectables,Injectables,,,tesamorelin-1000-sq-injectable,,hidden,Physical good,,,,Y,N,N,Y,245.00,,N,,N,,Y,Strength/Size,1000 µg/mL · 10 mL,,,N,0,Y
5HRKTJTRDCYAERJ2HHV22WL7,Tesamorelin — SQ Injectable,,2500 µg/mL · 10 mL,TESA-2500-SQ-10ML,,Injectables,Injectables,,,,,hidden,Physical good,,,,,,,,630.00,,N,,,,Y,Strength/Size,2500 µg/mL · 10 mL,,,N,0,Y
QWP4L7JCDGNU6ZOYW5YKWADZ,Tesamorelin — SQ Injectable,,1000 µg/mL · 5 mL,TESA-1000-SQ-5ML,,Injectables,Injectables,,,,,hidden,Physical good,,,,,,,,306.25,,N,,,,Y,Strength/Size,1000 µg/mL · 5 mL,,,N,0,Y
IWEKDHPF6AAHMU6KMCORKIT7,Tesamorelin — SQ Injectable,,2500 µg/mL · 3 mL,TESA-2500-SQ-3ML,,Injectables,Injectables,,,,,hidden,Physical good,,,,,,,,201.25,,N,,,,Y,Strength/Size,2500 µg/mL · 3 mL,,,N,0,Y
RKCOA6YSDL57QRDW4ODBQLZ4,Thymosin Alpha-1 — SQ Injectable,,3000 µg/mL · 4 mL,TA1-3000-SQ-4ML,Sterile subcutaneous injectable compounded by a licensed pharmacy. Prescription required. Concentration and vial size vary by selection.,Injectables,Injectables,,,thymosin-alpha-1-sq-injectable,,hidden,Physical good,,,,N,N,N,Y,201.25,,N,,N,,Y,Strength/Size,3000 µg/mL · 4 mL,,,N,0,Y
K23NPS2R3O2TQA6VWTXFDFAA,Thymosin Alpha-1 — SQ Injectable,,3000 µg/mL · 5 mL,TA1-3000-SQ-5ML,,Injectables,Injectables,,,,,hidden,Physical good,,,,,,,,218.75,,N,,,,Y,Strength/Size,3000 µg/mL · 5 mL,,,N,0,Y
SPMTRAY3VZPD7C63HKASMR7L,Thymosin Alpha-1 — SQ Injectable,,3000 µg/mL · 3 mL,TA1-3000-SQ-3ML,,Injectables,Injectables,,,,,hidden,Physical good,,,,,,,,183.75,,N,,,,Y,Strength/Size,3000 µg/mL · 3 mL,,,N,0,Y
5VH7KGVG7MYOOKXLSGTXJMFL,Thymosin Beta-4 — SQ Injectable,,3000 µg/mL · 5 mL,TB4-3000-SQ-5ML,Sterile subcutaneous injectable compounded by a licensed pharmacy. Prescription required.,Injectables,Injectables,,,thymosin-beta-4-sq-injectable,,hidden,Physical good,,,,Y,N,N,Y,227.50,,N,,N,,Y,Strength/Size,3000 µg/mL · 5 mL,,,N,0,Y
BVES65LC67DDH5KNSBAJ466X,Thymulin — SQ Injectable,,3000 µg/mL · 5 mL,THYMULIN-3000-SQ-5ML,Sterile subcutaneous injectable compounded by a licensed pharmacy. Prescription required.,Injectables,Injectables,,,thymulin-sq-injectable,,hidden,Physical good,,,,Y,N,N,Y,210.00,,N,,N,,Y,Strength/Size,3000 µg/mL · 5 mL,,,N,0,Y
PXD4URZ2WLT7I2C7YCYD4OHC,Tirzepatide (7000mcg) + Cyanocobalamin (B12) (500mcg) per mL – SQ Injectable [4mL],,Regular,TIR-CYA-7500-SQ-4ML,"A powerful combination of Tirzepatide and Vitamin B12 designed for advanced metabolic control, appetite suppression, and fat loss support. This blend helps regulate blood sugar, enhance satiety, and support energy—all in a convenient weekly injectable.
 7000mcg Tirzepatide + 500mcg B12 per mL
 • Reduces appetite and improves insulin sensitivity
 • Supports sustainable weight loss and metabolic health
 • B12 adds energy support and nutrient balance",Injectables,Injectables,,,,,visible,Physical good,,,,Y,N,N,Y,480.00,,N,,N,,N,,,,,,,Y
R3LYS5MFY2H6OLIAADHJIUQF,VIP 0.5 mg/mL — Nasal Spray,,0.5 mg/mL · 7.5 mL,VIP-05-NS-75ML,Compounded nasal spray. Concentration and size vary by selection.,Nasal Sprays,Nasal Sprays,,,vip05-nasal,,hidden,Physical good,,,,Y,N,N,Y,122.50,,N,,N,,Y,Strength/Size,0.5 mg/mL · 7.5 mL,,,,,Y
CXCPLDDDHAYNIX46QYWIRSEI,VIP 0.5 mg/mL — Nasal Spray,,0.5 mg/mL · 15 mL,VIP-05-NS-15ML,,Nasal Sprays,Nasal Sprays,,,,,hidden,Physical good,,,,,,,,210.00,,N,,,,Y,Strength/Size,0.5 mg/mL · 15 mL,,,,,Y
